id,type,length,start_time,end_time,start_name,start_lat,start_lon,end_name,end_lat,end_lon
1,Internal,0.0,2023-04-23 19:29:03,2023-04-23 19:29:03,VNM,16.5,107.5,VNM,16.5,107.5
2,Internal,0.018521524589827226,2023-04-23 19:29:03,2023-04-30 13:43:58,VNM,16.5,107.5,VNM,16.5,107.5
3,Internal,0.013763084322009483,2023-04-30 13:43:58,2023-05-05 14:17:50,VNM,16.5,107.5,VNM,16.5,107.5
4,Internal,0.06895860438943646,2023-05-05 14:17:50,2023-05-30 18:22:29,VNM,16.5,107.5,VNM,16.5,107.5
5,Internal,0.024922314487808822,2023-05-30 18:22:29,2023-06-08 20:41:39,VNM,16.5,107.5,VNM,16.5,107.5
6,Internal,0.042269834080080226,2023-06-08 20:41:39,2023-06-24 06:58:40,VNM,16.5,107.5,VNM,16.5,107.5
7,External,0.06895228114673893,2023-06-24 06:58:40,2023-07-19 11:00:00,VNM,16.5,107.5,VNM,16.5,107.5
8,Internal,0.00958642475680313,2023-06-24 06:58:40,2023-06-27 18:57:18,VNM,16.5,107.5,VNM,16.5,107.5
9,Internal,0.005364690199009092,2023-06-27 18:57:18,2023-06-29 17:56:59,VNM,16.5,107.5,VNM,16.5,107.5
10,External,0.06496007030058365,2023-06-29 17:56:59,2023-07-23 11:00:00,VNM,16.5,107.5,VNM,16.5,107.5
11,External,0.05948061824564149,2023-06-29 17:56:59,2023-07-21 10:59:59,VNM,16.5,107.5,KHM,13.0,105.0
12,External,0.0593658563899358,2023-06-27 18:57:18,2023-07-19 11:00:00,VNM,16.5,107.5,VNM,16.5,107.5
13,Internal,0.0070764712237136596,2023-06-08 20:41:39,2023-06-11 10:41:02,VNM,16.5,107.5,VNM,16.5,107.5
14,Internal,0.015506491266190761,2023-06-11 10:41:02,2023-06-17 02:31:15,VNM,16.5,107.5,VNM,16.5,107.5
15,Internal,0.02025868018569371,2023-06-17 02:31:15,2023-06-24 11:59:13,VNM,16.5,107.5,KHM,13.0,105.0
16,Internal,0.033825997511236404,2023-06-24 11:59:13,2023-07-06 20:18:10,KHM,13.0,105.0,KHM,13.0,105.0
17,External,0.020855844902970287,2023-07-06 20:18:10,2023-07-14 10:59:59,KHM,13.0,105.0,KHM,13.0,105.0
18,External,0.029075022985269837,2023-07-06 20:18:10,2023-07-17 11:00:00,KHM,13.0,105.0,KHM,13.0,105.0
19,Internal,0.023485666925446062,2023-06-24 11:59:13,2023-07-03 01:43:17,KHM,13.0,105.0,KHM,13.0,105.0
20,External,0.05037425768048975,2023-07-03 01:43:17,2023-07-21 10:59:59,KHM,13.0,105.0,KHM,13.0,105.0
21,External,0.0037989152147319613,2023-07-03 01:43:17,2023-07-04 10:59:59,KHM,13.0,105.0,KHM,13.0,105.0
22,Internal,0.008925461632038958,2023-06-17 02:31:15,2023-06-20 08:42:29,VNM,16.5,107.5,VNM,16.5,107.5
23,Internal,0.006438771131428711,2023-06-20 08:42:29,2023-06-22 17:06:42,VNM,16.5,107.5,VNM,16.5,107.5
24,Internal,0.009887219928954957,2023-06-22 17:06:42,2023-06-26 07:43:25,VNM,16.5,107.5,VNM,16.5,107.5
25,Internal,0.010536727661398529,2023-06-26 07:43:25,2023-06-30 04:01:31,VNM,16.5,107.5,CHN,35.0,105.0
26,External,0.06380987649275052,2023-06-30 04:01:31,2023-07-23 11:00:00,CHN,35.0,105.0,CHN,35.0,105.0
27,External,0.06380987649275052,2023-06-30 04:01:31,2023-07-23 11:00:00,CHN,35.0,105.0,CHN,35.0,105.0
28,External,0.0661274260718495,2023-06-26 07:43:25,2023-07-20 10:59:59,VNM,16.5,107.5,VNM,16.5,107.5
29,Internal,0.014795488439316606,2023-06-22 17:06:42,2023-06-28 02:43:12,VNM,16.5,107.5,VNM,16.5,107.5
30,Internal,0.017099946384556516,2023-06-28 02:43:12,2023-07-04 08:30:56,VNM,16.5,107.5,VNM,16.5,107.5
31,External,0.030420581039917002,2023-07-04 08:30:56,2023-07-15 10:59:59,VNM,16.5,107.5,VNM,16.5,107.5
32,Internal,0.003657878476580334,2023-07-04 08:30:56,2023-07-05 16:33:31,VNM,16.5,107.5,VNM,16.5,107.5
33,External,0.03498188064563622,2023-07-05 16:33:31,2023-07-18 11:00:00,VNM,16.5,107.5,VNM,16.5,107.5
34,External,0.04868051078265055,2023-07-05 16:33:31,2023-07-23 11:00:00,VNM,16.5,107.5,LAO,18.0,105.0
35,Internal,0.01680709444247408,2023-06-28 02:43:12,2023-07-04 05:57:01,VNM,16.5,107.5,VNM,16.5,107.5
36,External,0.058110693256028106,2023-07-04 05:57:01,2023-07-25 11:00:00,VNM,16.5,107.5,THA,15.0,100.0
37,External,0.0361928850369416,2023-07-04 05:57:01,2023-07-17 11:00:00,VNM,16.5,107.5,VNM,16.5,107.5
38,External,0.046836978776132326,2023-06-20 08:42:29,2023-07-07 11:00:00,VNM,16.5,107.5,VNM,16.5,107.5
39,Internal,0.022523403536016798,2023-06-11 10:41:02,2023-06-19 15:59:21,VNM,16.5,107.5,VNM,16.5,107.5
40,External,0.0816222404670887,2023-06-19 15:59:21,2023-07-19 11:00:00,VNM,16.5,107.5,VNM,16.5,107.5
41,Internal,0.003432044844935797,2023-06-19 15:59:21,2023-06-20 22:03:13,VNM,16.5,107.5,VNM,16.5,107.5
42,Internal,0.023000271762949984,2023-06-20 22:03:13,2023-06-29 07:32:10,VNM,16.5,107.5,VNM,16.5,107.5
43,External,0.04423101974954598,2023-06-29 07:32:10,2023-07-15 10:59:59,VNM,16.5,107.5,VNM,16.5,107.5
44,External,0.06614882796885986,2023-06-29 07:32:10,2023-07-23 11:00:00,VNM,16.5,107.5,VNM,16.5,107.5
45,Internal,0.02781538641474629,2023-06-20 22:03:13,2023-07-01 01:43:00,VNM,16.5,107.5,VNM,16.5,107.5
46,External,0.01749809687866316,2023-07-01 01:43:00,2023-07-07 11:00:00,VNM,16.5,107.5,VNM,16.5,107.5
47,External,0.055854261262121396,2023-07-01 01:43:00,2023-07-21 10:59:59,VNM,16.5,107.5,VNM,16.5,107.5
48,Internal,0.021838413589825773,2023-05-30 18:22:29,2023-06-07 17:40:45,VNM,16.5,107.5,VNM,16.5,107.5
49,Internal,0.005888681043607208,2023-06-07 17:40:45,2023-06-09 21:15:50,VNM,16.5,107.5,VNM,16.5,107.5
50,Internal,0.0063446705659934155,2023-06-09 21:15:50,2023-06-12 04:50:36,VNM,16.5,107.5,VNM,16.5,107.5
51,External,0.0965932124604868,2023-06-12 04:50:36,2023-07-17 11:00:00,VNM,16.5,107.5,KHM,13.0,105.0
52,External,0.0965932124604868,2023-06-12 04:50:36,2023-07-17 11:00:00,VNM,16.5,107.5,CHN,35.0,105.0
53,External,0.11937623919085194,2023-06-09 21:15:50,2023-07-23 11:00:00,VNM,16.5,107.5,VNM,16.5,107.5
54,External,0.03485396133030097,2023-06-07 17:40:45,2023-06-20 11:00:00,VNM,16.5,107.5,VNM,16.5,107.5
55,Internal,0.004364933736492604,2023-05-05 14:17:50,2023-05-07 04:32:03,VNM,16.5,107.5,VNM,16.5,107.5
56,Internal,0.0025280664594472535,2023-05-07 04:32:03,2023-05-08 02:40:48,VNM,16.5,107.5,VNM,16.5,107.5
57,Internal,0.049548214879894276,2023-05-08 02:40:48,2023-05-26 04:43:20,VNM,16.5,107.5,VNM,16.5,107.5
58,Internal,0.009294840185052028,2023-05-26 04:43:20,2023-05-29 14:08:42,VNM,16.5,107.5,VNM,16.5,107.5
59,Internal,0.037586839024936855,2023-05-29 14:08:42,2023-06-12 07:24:21,VNM,16.5,107.5,VNM,16.5,107.5
60,Internal,0.011927249580719765,2023-06-12 07:24:21,2023-06-16 15:53:19,VNM,16.5,107.5,VNM,16.5,107.5
61,Internal,0.05139221493127476,2023-06-16 15:53:19,2023-07-05 10:05:04,VNM,16.5,107.5,VNM,16.5,107.5
62,External,0.022022319141875177,2023-07-05 10:05:04,2023-07-13 11:00:00,VNM,16.5,107.5,VNM,16.5,107.5
63,External,0.05489903147061863,2023-07-05 10:05:04,2023-07-25 11:00:00,VNM,16.5,107.5,VNM,16.5,107.5
64,Internal,0.0013740238149861361,2023-06-16 15:53:19,2023-06-17 03:55:30,VNM,16.5,107.5,VNM,16.5,107.5
65,Internal,0.011927678847508297,2023-06-17 03:55:30,2023-06-21 12:24:41,VNM,16.5,107.5,VNM,16.5,107.5
66,Internal,0.003987029495749139,2023-06-21 12:24:41,2023-06-22 23:20:16,VNM,16.5,107.5,VNM,16.5,107.5
67,External,0.058865527942263754,2023-06-22 23:20:16,2023-07-14 10:59:59,VNM,16.5,107.5,VNM,16.5,107.5
68,External,0.08352306218893503,2023-06-22 23:20:16,2023-07-23 11:00:00,VNM,16.5,107.5,VNM,16.5,107.5
69,External,0.07381146154766983,2023-06-21 12:24:41,2023-07-18 11:00:00,VNM,16.5,107.5,VNM,16.5,107.5
70,Internal,0.0035511159669286974,2023-06-17 03:55:30,2023-06-18 11:01:58,VNM,16.5,107.5,VNM,16.5,107.5
71,External,0.0684893942912351,2023-06-18 11:01:58,2023-07-13 11:00:00,VNM,16.5,107.5,VNM,16.5,107.5
72,External,0.07122912031859249,2023-06-18 11:01:58,2023-07-14 10:59:59,VNM,16.5,107.5,CHN,35.0,105.0
73,Internal,0.031096936385961185,2023-06-12 07:24:21,2023-06-23 15:48:54,VNM,16.5,107.5,THA,15.0,100.0
74,External,0.08712155959665197,2023-06-23 15:48:54,2023-07-25 11:00:00,THA,15.0,100.0,CHN,35.0,105.0
75,Internal,0.005169198395045274,2023-06-23 15:48:54,2023-06-25 13:05:50,THA,15.0,100.0,THA,15.0,100.0
76,External,0.08195236120160669,2023-06-25 13:05:50,2023-07-25 11:00:00,THA,15.0,100.0,THA,15.0,100.0
77,External,0.035377018735848906,2023-06-25 13:05:50,2023-07-08 11:00:00,THA,15.0,100.0,THA,15.0,100.0
78,External,0.06265465007603443,2023-05-29 14:08:42,2023-06-21 11:00:00,VNM,16.5,107.5,VNM,16.5,107.5
79,Internal,0.055361193732661934,2023-05-26 04:43:20,2023-06-15 09:41:11,VNM,16.5,107.5,KHM,13.0,105.0
80,Internal,0.035855990535247045,2023-06-15 09:41:11,2023-06-28 11:47:05,KHM,13.0,105.0,KHM,13.0,105.0
81,Internal,0.007773425389407063,2023-06-28 11:47:05,2023-07-01 07:52:48,KHM,13.0,105.0,KHM,13.0,105.0
82,External,0.0633698395079286,2023-07-01 07:52:48,2023-07-24 11:00:00,KHM,13.0,105.0,CHN,35.0,105.0
83,External,0.038712305261257324,2023-07-01 07:52:48,2023-07-15 10:59:59,KHM,13.0,105.0,KHM,13.0,105.0
84,Internal,0.0074459562671825436,2023-06-28 11:47:05,2023-07-01 05:00:41,KHM,13.0,105.0,KHM,13.0,105.0
85,External,0.06643703465751051,2023-07-01 05:00:41,2023-07-25 11:00:00,KHM,13.0,105.0,LAO,18.0,105.0
86,External,0.04725895246578139,2023-07-01 05:00:41,2023-07-18 11:00:00,KHM,13.0,105.0,KHM,13.0,105.0
87,Internal,0.0003550286817667059,2023-06-15 09:41:11,2023-06-15 12:47:47,KHM,13.0,105.0,KHM,13.0,105.0
88,Internal,0.021287707154485955,2023-06-15 12:47:47,2023-06-23 07:16:36,KHM,13.0,105.0,KHM,13.0,105.0
89,External,0.05795925932230138,2023-06-23 07:16:36,2023-07-14 10:59:59,KHM,13.0,105.0,KHM,13.0,105.0
90,External,0.04152090315792965,2023-06-23 07:16:36,2023-07-08 11:00:00,KHM,13.0,105.0,KHM,13.0,105.0
91,Internal,0.004300512412018703,2023-06-15 12:47:47,2023-06-17 02:28:08,KHM,13.0,105.0,KHM,13.0,105.0
92,External,0.014672481461996512,2023-06-17 02:28:08,2023-06-22 10:59:59,KHM,13.0,105.0,KHM,13.0,105.0
93,Internal,0.004794430458086127,2023-06-17 02:28:08,2023-06-18 20:28:05,KHM,13.0,105.0,KHM,13.0,105.0
94,External,0.0701520236066825,2023-06-18 20:28:05,2023-07-14 10:59:59,KHM,13.0,105.0,KHM,13.0,105.0
95,External,0.0701520236066825,2023-06-18 20:28:05,2023-07-14 10:59:59,KHM,13.0,105.0,KHM,13.0,105.0
96,Internal,0.021489870956159257,2023-05-08 02:40:48,2023-05-15 22:55:52,VNM,16.5,107.5,VNM,16.5,107.5
97,Internal,0.013469785433280673,2023-05-15 22:55:52,2023-05-20 20:55:36,VNM,16.5,107.5,VNM,16.5,107.5
98,Internal,0.10016921164490548,2023-05-20 20:55:36,2023-06-26 10:24:32,VNM,16.5,107.5,VNM,16.5,107.5
99,External,0.057601713819064385,2023-06-26 10:24:32,2023-07-17 11:00:00,VNM,16.5,107.5,VNM,16.5,107.5
100,Internal,0.010682374529515565,2023-06-26 10:24:32,2023-06-30 07:59:11,VNM,16.5,107.5,VNM,16.5,107.5
101,External,0.06883714750863533,2023-06-30 07:59:11,2023-07-25 11:00:00,VNM,16.5,107.5,CHN,35.0,105.0
102,External,0.052398791344263604,2023-06-30 07:59:11,2023-07-19 11:00:00,VNM,16.5,107.5,VNM,16.5,107.5
103,Internal,0.01540593669628268,2023-05-20 20:55:36,2023-05-26 11:52:57,VNM,16.5,107.5,VNM,16.5,107.5
104,Internal,0.0017274205156274924,2023-05-26 11:52:57,2023-05-27 03:00:53,VNM,16.5,107.5,VNM,16.5,107.5
105,Internal,0.03939433935802103,2023-05-27 03:00:53,2023-06-10 12:06:33,VNM,16.5,107.5,VNM,16.5,107.5
106,External,0.11220213300346824,2023-06-10 12:06:33,2023-07-21 10:59:59,VNM,16.5,107.5,VNM,16.5,107.5
107,Internal,0.04420221203295009,2023-06-10 12:06:33,2023-06-26 15:19:14,VNM,16.5,107.5,VNM,16.5,107.5
108,External,0.06526019494316075,2023-06-26 15:19:14,2023-07-20 10:59:59,VNM,16.5,107.5,THA,15.0,100.0
109,External,0.06252046891580336,2023-06-26 15:19:14,2023-07-19 11:00:00,VNM,16.5,107.5,VNM,16.5,107.5
110,Internal,0.015046546041631415,2023-05-27 03:00:53,2023-06-01 14:49:21,VNM,16.5,107.5,VNM,16.5,107.5
111,Internal,0.004279981291271828,2023-06-01 14:49:21,2023-06-03 04:18:55,VNM,16.5,107.5,VNM,16.5,107.5
112,External,0.1158315888642143,2023-06-03 04:18:55,2023-07-15 10:59:59,VNM,16.5,107.5,VNM,16.5,107.5
113,External,0.14048912311088557,2023-06-03 04:18:55,2023-07-24 11:00:00,VNM,16.5,107.5,LAO,18.0,105.0
114,External,0.11737184412812873,2023-06-01 14:49:21,2023-07-14 10:59:59,VNM,16.5,107.5,CHN,35.0,105.0
115,Internal,0.004459306746357583,2023-05-26 11:52:57,2023-05-28 02:56:46,VNM,16.5,107.5,VNM,16.5,107.5
116,Internal,0.04391414072308078,2023-05-28 02:56:46,2023-06-13 03:38:02,VNM,16.5,107.5,VNM,16.5,107.5
117,Internal,0.021680989182665727,2023-06-13 03:38:02,2023-06-21 01:33:34,VNM,16.5,107.5,VNM,16.5,107.5
118,Internal,0.016522206096764094,2023-06-21 01:33:34,2023-06-27 02:17:38,VNM,16.5,107.5,VNM,16.5,107.5
119,External,0.07770615423790551,2023-06-27 02:17:38,2023-07-25 11:00:00,VNM,16.5,107.5,KHM,13.0,105.0
120,External,0.06400752410089118,2023-06-27 02:17:38,2023-07-20 10:59:59,VNM,16.5,107.5,LAO,18.0,105.0
121,External,0.03395438773189749,2023-06-21 01:33:34,2023-07-03 10:59:59,VNM,16.5,107.5,VNM,16.5,107.5
122,External,0.102210719380321,2023-06-13 03:38:02,2023-07-20 10:59:59,VNM,16.5,107.5,VNM,16.5,107.5
123,Internal,0.01624216685014343,2023-05-28 02:56:46,2023-06-03 01:13:39,VNM,16.5,107.5,VNM,16.5,107.5
124,Internal,0.006607018245411267,2023-06-03 01:13:39,2023-06-05 11:06:18,VNM,16.5,107.5,VNM,16.5,107.5
125,External,0.1205359489804897,2023-06-05 11:06:18,2023-07-19 11:00:00,VNM,16.5,107.5,VNM,16.5,107.5
126,Internal,0.011018556620483677,2023-06-05 11:06:18,2023-06-09 11:37:39,VNM,16.5,107.5,VNM,16.5,107.5
127,External,0.0903393101682769,2023-06-09 11:37:39,2023-07-12 11:00:00,VNM,16.5,107.5,VNM,16.5,107.5
128,External,0.10951739236000602,2023-06-09 11:37:39,2023-07-19 11:00:00,VNM,16.5,107.5,LAO,18.0,105.0
129,Internal,0.020480084835324097,2023-06-03 01:13:39,2023-06-10 12:37:59,VNM,16.5,107.5,VNM,16.5,107.5
130,Internal,0.01640843414322017,2023-06-10 12:37:59,2023-06-16 12:22:15,VNM,16.5,107.5,CHN,35.0,105.0
131,External,0.09573390030207148,2023-06-16 12:22:15,2023-07-21 10:59:59,CHN,35.0,105.0,CHN,35.0,105.0
132,External,0.040939379754241514,2023-06-16 12:22:15,2023-07-01 11:00:00,CHN,35.0,105.0,CHN,35.0,105.0
133,Internal,0.030138880207786947,2023-06-10 12:37:59,2023-06-21 12:38:59,VNM,16.5,107.5,VNM,16.5,107.5
134,External,0.07652400218278992,2023-06-21 12:38:59,2023-07-19 11:00:00,VNM,16.5,107.5,VNM,16.5,107.5
135,External,0.07652400218278992,2023-06-21 12:38:59,2023-07-19 11:00:00,VNM,16.5,107.5,VNM,16.5,107.5
136,Internal,0.0461957457619859,2023-05-15 22:55:52,2023-06-01 19:36:21,VNM,16.5,107.5,VNM,16.5,107.5
137,Internal,0.03680653751709037,2023-06-01 19:36:21,2023-06-15 06:01:52,VNM,16.5,107.5,VNM,16.5,107.5
138,Internal,0.007892193018133806,2023-06-15 06:01:52,2023-06-18 03:10:01,VNM,16.5,107.5,VNM,16.5,107.5
139,External,0.05568870035336919,2023-06-18 03:10:01,2023-07-08 11:00:00,VNM,16.5,107.5,VNM,16.5,107.5
140,Internal,0.02223801105320207,2023-06-18 03:10:01,2023-06-26 05:58:19,VNM,16.5,107.5,VNM,16.5,107.5
141,External,0.03345068930016712,2023-06-26 05:58:19,2023-07-08 11:00:00,VNM,16.5,107.5,KHM,13.0,105.0
142,Internal,0.01204527285023646,2023-06-26 05:58:19,2023-06-30 15:29:18,VNM,16.5,107.5,VNM,16.5,107.5
143,External,0.026884868504645443,2023-06-30 15:29:18,2023-07-10 10:59:59,VNM,16.5,107.5,VNM,16.5,107.5
144,External,0.06250130686097366,2023-06-30 15:29:18,2023-07-23 11:00:00,VNM,16.5,107.5,THA,15.0,100.0
145,Internal,0.01169357662416029,2023-06-15 06:01:52,2023-06-19 12:28:01,VNM,16.5,107.5,VNM,16.5,107.5
146,Internal,0.025875853883366856,2023-06-19 12:28:01,2023-06-28 23:08:22,VNM,16.5,107.5,VNM,16.5,107.5
147,External,0.053408723138004516,2023-06-28 23:08:22,2023-07-18 11:00:00,VNM,16.5,107.5,VNM,16.5,107.5
148,External,0.06710735327501885,2023-06-28 23:08:22,2023-07-23 11:00:00,VNM,16.5,107.5,VNM,16.5,107.5
149,External,0.04914759071998531,2023-06-19 12:28:01,2023-07-07 11:00:00,VNM,16.5,107.5,VNM,16.5,107.5
150,Internal,0.01883771382911273,2023-06-01 19:36:21,2023-06-08 16:37:28,VNM,16.5,107.5,VNM,16.5,107.5
151,Internal,0.06344641684483206,2023-06-08 16:37:28,2023-07-01 20:24:54,VNM,16.5,107.5,VNM,16.5,107.5
152,External,0.06467864268040636,2023-07-01 20:24:54,2023-07-25 11:00:00,VNM,16.5,107.5,VNM,16.5,107.5
153,External,0.023582752269363363,2023-07-01 20:24:54,2023-07-10 10:59:59,VNM,16.5,107.5,KHM,13.0,105.0
154,Internal,0.019143899906211972,2023-06-08 16:37:28,2023-06-15 16:19:30,VNM,16.5,107.5,VNM,16.5,107.5
155,External,0.062405817153268664,2023-06-15 16:19:30,2023-07-08 11:00:00,VNM,16.5,107.5,VNM,16.5,107.5
156,Internal,0.015879200496927426,2023-06-15 16:19:30,2023-06-21 11:25:36,VNM,16.5,107.5,VNM,16.5,107.5
157,External,0.06570469884807036,2023-06-21 11:25:36,2023-07-15 10:59:59,VNM,16.5,107.5,THA,15.0,100.0
158,Internal,0.06027231241026783,2023-06-21 11:25:36,2023-07-13 11:24:44,VNM,16.5,107.5,VNM,16.5,107.5
159,External,0.01639129054745947,2023-07-13 11:24:44,2023-07-19 11:00:00,VNM,16.5,107.5,VNM,16.5,107.5
160,External,0.021870742602174253,2023-07-13 11:24:44,2023-07-21 10:59:59,VNM,16.5,107.5,VNM,16.5,107.5
161,Internal,0.0968462559615314,2023-05-07 04:32:03,2023-06-11 12:54:26,VNM,16.5,107.5,VNM,16.5,107.5
162,Internal,0.026829140775178076,2023-06-11 12:54:26,2023-06-21 07:55:50,VNM,16.5,107.5,VNM,16.5,107.5
163,Internal,0.006592851355653212,2023-06-21 07:55:50,2023-06-23 17:41:02,VNM,16.5,107.5,VNM,16.5,107.5
164,External,0.02389450980945136,2023-06-23 17:41:02,2023-07-02 11:00:00,VNM,16.5,107.5,VNM,16.5,107.5
165,External,0.059510948165552205,2023-06-23 17:41:02,2023-07-15 10:59:59,VNM,16.5,107.5,KHM,13.0,105.0
166,Internal,0.0057244357096678244,2023-06-21 07:55:50,2023-06-23 10:04:36,VNM,16.5,107.5,VNM,16.5,107.5
167,External,0.07133826792119453,2023-06-23 10:04:36,2023-07-19 11:00:00,VNM,16.5,107.5,VNM,16.5,107.5
168,Internal,0.013619844921993973,2023-06-23 10:04:36,2023-06-28 09:23:11,VNM,16.5,107.5,VNM,16.5,107.5
169,External,0.05771842299920056,2023-06-28 09:23:11,2023-07-19 11:00:00,VNM,16.5,107.5,VNM,16.5,107.5
170,External,0.05771842299920056,2023-06-28 09:23:11,2023-07-19 11:00:00,VNM,16.5,107.5,KHM,13.0,105.0
171,External,0.07375485810465437,2023-06-11 12:54:26,2023-07-08 11:00:00,VNM,16.5,107.5,VNM,16.5,107.5
172,Internal,0.03888150301316673,2023-04-30 13:43:58,2023-05-14 18:20:05,VNM,16.5,107.5,KHM,13.0,105.0
173,External,0.05943667020736296,2023-05-14 18:20:05,2023-06-05 10:59:59,KHM,13.0,105.0,KHM,13.0,105.0
174,Internal,0.016254528732067786,2023-05-14 18:20:05,2023-05-20 16:43:27,KHM,13.0,105.0,KHM,13.0,105.0
175,Internal,0.0018273039017115966,2023-05-20 16:43:27,2023-05-21 08:43:53,KHM,13.0,105.0,KHM,13.0,105.0
176,Internal,0.008858790593822108,2023-05-21 08:43:53,2023-05-24 14:20:04,KHM,13.0,105.0,KHM,13.0,105.0
177,Internal,0.02373047262009978,2023-05-24 14:20:04,2023-06-02 06:12:48,KHM,13.0,105.0,KHM,13.0,105.0
178,Internal,0.033163871204866247,2023-06-02 06:12:48,2023-06-14 08:43:44,KHM,13.0,105.0,KHM,13.0,105.0
179,Internal,0.024823283674773836,2023-06-14 08:43:44,2023-06-23 10:10:51,KHM,13.0,105.0,KHM,13.0,105.0
180,External,0.08228526879522279,2023-06-23 10:10:51,2023-07-23 11:00:00,KHM,13.0,105.0,KHM,13.0,105.0
181,External,0.041189378384179784,2023-06-23 10:10:51,2023-07-08 11:00:00,KHM,13.0,105.0,CHN,35.0,105.0
182,External,0.07971129219596795,2023-06-14 08:43:44,2023-07-13 11:00:00,KHM,13.0,105.0,KHM,13.0,105.0
183,External,0.06356009490771902,2023-06-02 06:12:48,2023-06-25 11:00:00,KHM,13.0,105.0,KHM,13.0,105.0
184,Internal,0.005236317021861503,2023-05-24 14:20:04,2023-05-26 12:12:17,KHM,13.0,105.0,KHM,13.0,105.0
185,Internal,0.023789385499040666,2023-05-26 12:12:17,2023-06-04 04:35:59,KHM,13.0,105.0,KHM,13.0,105.0
186,Internal,0.00826631745472911,2023-06-04 04:35:59,2023-06-07 05:00:45,KHM,13.0,105.0,KHM,13.0,105.0
187,Internal,0.03933782269540828,2023-06-07 05:00:45,2023-06-21 13:36:43,KHM,13.0,105.0,KHM,13.0,105.0
188,External,0.024359354993793575,2023-06-21 13:36:43,2023-06-30 11:00:00,KHM,13.0,105.0,KHM,13.0,105.0
189,Internal,0.027776471605926625,2023-06-21 13:36:43,2023-07-01 16:56:02,KHM,13.0,105.0,VNM,16.5,107.5
190,External,0.04863767790833952,2023-07-01 16:56:02,2023-07-19 11:00:00,VNM,16.5,107.5,VNM,16.5,107.5
191,External,0.04863767790833952,2023-07-01 16:56:02,2023-07-19 11:00:00,VNM,16.5,107.5,CHN,35.0,105.0
192,Internal,0.06749173656361818,2023-06-07 05:00:45,2023-07-01 20:14:25,KHM,13.0,105.0,KHM,13.0,105.0
193,External,0.03182187948168452,2023-07-01 20:14:25,2023-07-13 11:00:00,KHM,13.0,105.0,KHM,13.0,105.0
194,Internal,0.0016761261395394633,2023-07-01 20:14:25,2023-07-02 10:55:23,KHM,13.0,105.0,KHM,13.0,105.0
195,Internal,0.006191015523841707,2023-07-02 10:55:23,2023-07-04 17:09:23,KHM,13.0,105.0,KHM,13.0,105.0
196,External,0.056831450147046804,2023-07-04 17:09:23,2023-07-25 11:00:00,KHM,13.0,105.0,THA,15.0,100.0
197,External,0.05409172411968941,2023-07-04 17:09:23,2023-07-24 11:00:00,KHM,13.0,105.0,KHM,13.0,105.0
198,External,0.06302246567088851,2023-07-02 10:55:23,2023-07-25 11:00:00,KHM,13.0,105.0,KHM,13.0,105.0
199,Internal,0.028323685954857944,2023-06-04 04:35:59,2023-06-14 12:42:54,KHM,13.0,105.0,KHM,13.0,105.0
200,External,0.10939323384655993,2023-06-14 12:42:54,2023-07-24 11:00:00,KHM,13.0,105.0,LAO,18.0,105.0
201,Internal,0.009659338583428156,2023-06-14 12:42:54,2023-06-18 01:19:51,KHM,13.0,105.0,KHM,13.0,105.0
202,External,0.05041882677001659,2023-06-18 01:19:51,2023-07-06 11:00:00,KHM,13.0,105.0,KHM,13.0,105.0
203,Internal,0.06654488516578076,2023-06-18 01:19:51,2023-07-12 08:15:51,KHM,13.0,105.0,KHM,13.0,105.0
204,External,0.03318901009735101,2023-07-12 08:15:51,2023-07-24 11:00:00,KHM,13.0,105.0,KHM,13.0,105.0
205,Internal,0.021070112917349854,2023-07-12 08:15:51,2023-07-20 00:50:18,KHM,13.0,105.0,KHM,13.0,105.0
206,External,0.014858623207358545,2023-07-20 00:50:18,2023-07-25 11:00:00,KHM,13.0,105.0,KHM,13.0,105.0
207,External,0.014858623207358545,2023-07-20 00:50:18,2023-07-25 11:00:00,KHM,13.0,105.0,KHM,13.0,105.0
208,Internal,0.04647211289164968,2023-05-26 12:12:17,2023-06-12 11:18:01,KHM,13.0,105.0,KHM,13.0,105.0
209,Internal,0.008984203240674157,2023-06-12 11:18:01,2023-06-15 18:00:07,KHM,13.0,105.0,KHM,13.0,105.0
210,Internal,0.04563245901007404,2023-06-15 18:00:07,2023-07-02 09:44:32,KHM,13.0,105.0,KHM,13.0,105.0
211,External,0.0302805438566746,2023-07-02 09:44:32,2023-07-13 11:00:00,KHM,13.0,105.0,KHM,13.0,105.0
212,External,0.06041753015806066,2023-07-02 09:44:32,2023-07-24 11:00:00,KHM,13.0,105.0,KHM,13.0,105.0
213,Internal,0.03512151506846144,2023-06-15 18:00:07,2023-06-28 13:39:59,KHM,13.0,105.0,KHM,13.0,105.0
214,Internal,0.014034388223707561,2023-06-28 13:39:59,2023-07-03 16:36:28,KHM,13.0,105.0,KHM,13.0,105.0
215,Internal,0.004106887777707721,2023-07-03 16:36:28,2023-07-05 04:35:02,KHM,13.0,105.0,KHM,13.0,105.0
216,External,0.028129663851586703,2023-07-05 04:35:02,2023-07-15 10:59:59,KHM,13.0,105.0,KHM,13.0,105.0
217,External,0.03360911590652886,2023-07-05 04:35:02,2023-07-17 11:00:00,KHM,13.0,105.0,KHM,13.0,105.0
218,External,0.024017373547222248,2023-07-03 16:36:28,2023-07-12 11:00:00,KHM,13.0,105.0,KHM,13.0,105.0
219,Internal,0.005227360316919144,2023-06-28 13:39:59,2023-06-30 11:27:29,KHM,13.0,105.0,KHM,13.0,105.0
220,Internal,0.011614685373814694,2023-06-30 11:27:29,2023-07-04 17:12:10,KHM,13.0,105.0,KHM,13.0,105.0
221,External,0.04312752429928248,2023-07-04 17:12:10,2023-07-20 10:59:59,KHM,13.0,105.0,KHM,13.0,105.0
222,External,0.05408642840893942,2023-07-04 17:12:10,2023-07-24 11:00:00,KHM,13.0,105.0,KHM,13.0,105.0
223,Internal,0.007063945865388319,2023-06-30 11:27:29,2023-07-03 01:20:18,KHM,13.0,105.0,KHM,13.0,105.0
224,External,0.02850018161597974,2023-07-03 01:20:18,2023-07-13 11:00:00,KHM,13.0,105.0,KHM,13.0,105.0
225,External,0.06137689394472319,2023-07-03 01:20:18,2023-07-25 11:00:00,KHM,13.0,105.0,KHM,13.0,105.0
226,External,0.043801315696379794,2023-06-12 11:18:01,2023-06-28 10:59:59,KHM,13.0,105.0,KHM,13.0,105.0
227,Internal,0.07060080360316695,2023-05-21 08:43:53,2023-06-16 03:11:40,KHM,13.0,105.0,KHM,13.0,105.0
228,External,0.014589650408817018,2023-06-16 03:11:40,2023-06-21 11:00:00,KHM,13.0,105.0,KHM,13.0,105.0
229,Internal,0.01465614481362612,2023-06-16 03:11:40,2023-06-21 11:34:56,KHM,13.0,105.0,KHM,13.0,105.0
230,Internal,0.01344603738040219,2023-06-21 11:34:56,2023-06-26 09:22:11,KHM,13.0,105.0,KHM,13.0,105.0
231,External,0.06319979698193255,2023-06-26 09:22:11,2023-07-19 11:00:00,KHM,13.0,105.0,THA,15.0,100.0
232,Internal,0.010381807202252416,2023-06-26 09:22:11,2023-06-30 04:18:51,KHM,13.0,105.0,KHM,13.0,105.0
233,Internal,0.003117777760714757,2023-06-30 04:18:51,2023-07-01 07:37:34,KHM,13.0,105.0,KHM,13.0,105.0
234,External,0.06065911612862232,2023-07-01 07:37:34,2023-07-23 11:00:00,KHM,13.0,105.0,KHM,13.0,105.0
235,External,0.036001581881951045,2023-07-01 07:37:34,2023-07-14 10:59:59,KHM,13.0,105.0,LAO,18.0,105.0
236,External,0.052817989779680136,2023-06-30 04:18:51,2023-07-19 11:00:00,KHM,13.0,105.0,KHM,13.0,105.0
237,Internal,0.0072011508950467346,2023-06-21 11:34:56,2023-06-24 02:39:52,KHM,13.0,105.0,KHM,13.0,105.0
238,Internal,0.0018407883286679638,2023-06-24 02:39:52,2023-06-24 18:47:23,KHM,13.0,105.0,KHM,13.0,105.0
239,Internal,0.021648450070567545,2023-06-24 18:47:23,2023-07-02 16:25:49,KHM,13.0,105.0,KHM,13.0,105.0
240,External,0.05143489712276728,2023-07-02 16:25:49,2023-07-21 10:59:59,KHM,13.0,105.0,KHM,13.0,105.0
241,Internal,0.022039323791081554,2023-07-02 16:25:49,2023-07-10 17:29:41,KHM,13.0,105.0,KHM,13.0,105.0
242,External,0.04035447744134267,2023-07-10 17:29:41,2023-07-25 11:00:00,KHM,13.0,105.0,KHM,13.0,105.0
243,External,0.034875025386627886,2023-07-10 17:29:41,2023-07-23 11:00:00,KHM,13.0,105.0,KHM,13.0,105.0
244,Internal,0.00855871335770192,2023-06-24 18:47:23,2023-06-27 21:45:51,KHM,13.0,105.0,KHM,13.0,105.0
245,Internal,0.011387887620260287,2023-06-27 21:45:51,2023-07-02 01:31:19,KHM,13.0,105.0,KHM,13.0,105.0
246,External,0.06409565032502956,2023-07-02 01:31:19,2023-07-25 11:00:00,KHM,13.0,105.0,CHN,35.0,105.0
247,External,0.0339586640236435,2023-07-02 01:31:19,2023-07-14 10:59:59,KHM,13.0,105.0,KHM,13.0,105.0
248,Internal,0.017380149148017734,2023-06-27 21:45:51,2023-07-04 06:00:51,KHM,13.0,105.0,KHM,13.0,105.0
249,External,0.058103388797272115,2023-07-04 06:00:51,2023-07-25 11:00:00,KHM,13.0,105.0,LAO,18.0,105.0
250,External,0.058103388797272115,2023-07-04 06:00:51,2023-07-25 11:00:00,KHM,13.0,105.0,KHM,13.0,105.0
251,Internal,0.002969058845599379,2023-06-24 02:39:52,2023-06-25 04:40:24,KHM,13.0,105.0,KHM,13.0,105.0
252,Internal,0.004512281122491371,2023-06-25 04:40:24,2023-06-26 20:12:03,KHM,13.0,105.0,KHM,13.0,105.0
253,Internal,0.005035125195991058,2023-06-26 20:12:03,2023-06-28 16:18:31,KHM,13.0,105.0,KHM,13.0,105.0
254,External,0.0569282183032062,2023-06-28 16:18:31,2023-07-19 11:00:00,KHM,13.0,105.0,KHM,13.0,105.0
255,External,0.05418849227584881,2023-06-28 16:18:31,2023-07-18 11:00:00,KHM,13.0,105.0,KHM,13.0,105.0
256,External,0.04826471336218292,2023-06-26 20:12:03,2023-07-14 10:59:59,KHM,13.0,105.0,KHM,13.0,105.0
257,External,0.052776994484674294,2023-06-25 04:40:24,2023-07-14 10:59:59,KHM,13.0,105.0,KHM,13.0,105.0
258,Internal,0.051230677391206986,2023-05-20 16:43:27,2023-06-08 09:30:18,KHM,13.0,105.0,KHM,13.0,105.0
259,Internal,0.02393637879289888,2023-06-08 09:30:18,2023-06-17 03:11:16,KHM,13.0,105.0,KHM,13.0,105.0
260,Internal,0.005646067078965686,2023-06-17 03:11:16,2023-06-19 04:38:50,KHM,13.0,105.0,KHM,13.0,105.0
261,Internal,0.004265906378576267,2023-06-19 04:38:50,2023-06-20 18:01:00,KHM,13.0,105.0,KHM,13.0,105.0
262,External,0.05947297484746247,2023-06-20 18:01:00,2023-07-12 11:00:00,KHM,13.0,105.0,KHM,13.0,105.0
263,Internal,0.03416910981113142,2023-06-20 18:01:00,2023-07-03 05:20:17,KHM,13.0,105.0,KHM,13.0,105.0
264,Internal,0.005613457270162478,2023-07-03 05:20:17,2023-07-05 06:30:43,KHM,13.0,105.0,KHM,13.0,105.0
265,External,0.05530684612226942,2023-07-05 06:30:43,2023-07-25 11:00:00,KHM,13.0,105.0,KHM,13.0,105.0
266,External,0.05530684612226942,2023-07-05 06:30:43,2023-07-25 11:00:00,KHM,13.0,105.0,KHM,13.0,105.0
267,External,0.02530386503633105,2023-07-03 05:20:17,2023-07-12 11:00:00,KHM,13.0,105.0,KHM,13.0,105.0
268,Internal,0.010045653702373397,2023-06-19 04:38:50,2023-06-22 20:38:50,KHM,13.0,105.0,KHM,13.0,105.0
269,Internal,0.00737117572567908,2023-06-22 20:38:50,2023-06-25 13:13:07,KHM,13.0,105.0,KHM,13.0,105.0
270,Internal,0.006093894936091596,2023-06-25 13:13:07,2023-06-27 18:36:04,KHM,13.0,105.0,KHM,13.0,105.0
271,External,0.07036514316328073,2023-06-27 18:36:04,2023-07-23 11:00:00,KHM,13.0,105.0,KHM,13.0,105.0
272,Internal,0.009583721367523113,2023-06-27 18:36:04,2023-07-01 06:33:17,KHM,13.0,105.0,KHM,13.0,105.0
273,External,0.0662608738504724,2023-07-01 06:33:17,2023-07-25 11:00:00,KHM,13.0,105.0,KHM,13.0,105.0
274,External,0.03612388754908634,2023-07-01 06:33:17,2023-07-14 10:59:59,KHM,13.0,105.0,KHM,13.0,105.0
275,Internal,0.009378479398887224,2023-06-25 13:13:07,2023-06-28 23:22:27,KHM,13.0,105.0,KHM,13.0,105.0
276,Internal,0.005022983042624024,2023-06-28 23:22:27,2023-06-30 19:22:32,KHM,13.0,105.0,KHM,13.0,105.0
277,External,0.04835894552084674,2023-06-30 19:22:32,2023-07-18 11:00:00,KHM,13.0,105.0,KHM,13.0,105.0
278,Internal,0.005154006289478423,2023-06-30 19:22:32,2023-07-02 16:31:29,KHM,13.0,105.0,KHM,13.0,105.0
279,External,0.051424117313440494,2023-07-02 16:31:29,2023-07-21 10:59:59,KHM,13.0,105.0,KHM,13.0,105.0
280,External,0.059643295395740044,2023-07-02 16:31:29,2023-07-24 11:00:00,KHM,13.0,105.0,KHM,13.0,105.0
281,External,0.0670805587004851,2023-06-28 23:22:27,2023-07-23 11:00:00,KHM,13.0,105.0,KHM,13.0,105.0
282,External,0.0838302138250514,2023-06-22 20:38:50,2023-07-23 11:00:00,KHM,13.0,105.0,KHM,13.0,105.0
283,Internal,0.03386216049945537,2023-06-17 03:11:16,2023-06-29 11:49:13,KHM,13.0,105.0,KHM,13.0,105.0
284,External,0.06018032205199296,2023-06-29 11:49:13,2023-07-21 10:59:59,KHM,13.0,105.0,CHN,35.0,105.0
285,External,0.05744059602463557,2023-06-29 11:49:13,2023-07-20 10:59:59,KHM,13.0,105.0,KHM,13.0,105.0
286,Internal,0.018736460764752313,2023-06-08 09:30:18,2023-06-15 05:38:11,KHM,13.0,105.0,KHM,13.0,105.0
287,Internal,0.0067516442106378555,2023-06-15 05:38:11,2023-06-17 16:46:51,KHM,13.0,105.0,KHM,13.0,105.0
288,External,0.08153185225952747,2023-06-17 16:46:51,2023-07-17 11:00:00,KHM,13.0,105.0,KHM,13.0,105.0
289,External,0.056874318012856195,2023-06-17 16:46:51,2023-07-08 11:00:00,KHM,13.0,105.0,KHM,13.0,105.0
290,Internal,0.027453066411517457,2023-06-15 05:38:11,2023-06-25 06:07:31,KHM,13.0,105.0,KHM,13.0,105.0
291,External,0.04165234786669138,2023-06-25 06:07:31,2023-07-10 10:59:59,KHM,13.0,105.0,KHM,13.0,105.0
292,External,0.0772687862230196,2023-06-25 06:07:31,2023-07-23 11:00:00,KHM,13.0,105.0,KHM,13.0,105.0
293,Internal,0.0055296218706755995,2023-04-23 19:29:03,2023-04-25 19:55:25,VNM,16.5,107.5,VNM,16.5,107.5
294,External,0.07569363758358047,2023-04-25 19:55:25,2023-05-23 11:00:00,VNM,16.5,107.5,VNM,16.5,107.5
295,Internal,0.0036793984217071696,2023-04-25 19:55:25,2023-04-27 04:09:18,VNM,16.5,107.5,VNM,16.5,107.5
296,Internal,0.008072906613717179,2023-04-27 04:09:18,2023-04-30 02:52:26,VNM,16.5,107.5,VNM,16.5,107.5
297,Internal,0.05582860545667531,2023-04-30 02:52:26,2023-05-20 11:55:57,VNM,16.5,107.5,VNM,16.5,107.5
298,Internal,0.008391500551272413,2023-05-20 11:55:57,2023-05-23 13:26:31,VNM,16.5,107.5,VNM,16.5,107.5
299,Internal,0.027368692649010345,2023-05-23 13:26:31,2023-06-02 13:11:30,VNM,16.5,107.5,VNM,16.5,107.5
300,Internal,0.035928241966588434,2023-06-02 13:11:30,2023-06-15 15:55:23,VNM,16.5,107.5,KHM,13.0,105.0
301,Internal,0.016463796292090938,2023-06-15 15:55:23,2023-06-21 16:08:45,KHM,13.0,105.0,KHM,13.0,105.0
302,External,0.06516597508450682,2023-06-21 16:08:45,2023-07-15 10:59:59,KHM,13.0,105.0,KHM,13.0,105.0
303,External,0.06242624905714943,2023-06-21 16:08:45,2023-07-14 10:59:59,KHM,13.0,105.0,KHM,13.0,105.0
304,Internal,0.010389540271412909,2023-06-15 15:55:23,2023-06-19 10:56:08,KHM,13.0,105.0,KHM,13.0,105.0
305,Internal,0.02582696957358256,2023-06-19 10:56:08,2023-06-28 21:10:47,KHM,13.0,105.0,KHM,13.0,105.0
306,External,0.06185161769597401,2023-06-28 21:10:47,2023-07-21 10:59:59,KHM,13.0,105.0,KHM,13.0,105.0
307,External,0.06733106975091617,2023-06-28 21:10:47,2023-07-23 11:00:00,KHM,13.0,105.0,KHM,13.0,105.0
308,External,0.046582696858740946,2023-06-19 10:56:08,2023-07-06 11:00:00,KHM,13.0,105.0,KHM,13.0,105.0
309,Internal,0.007944409856529888,2023-06-02 13:11:30,2023-06-05 10:47:05,VNM,16.5,107.5,VNM,16.5,107.5
310,External,0.13701086376068497,2023-06-05 10:47:05,2023-07-25 11:00:00,VNM,16.5,107.5,VNM,16.5,107.5
311,Internal,0.01141624632140903,2023-06-05 10:47:05,2023-06-09 14:47:28,VNM,16.5,107.5,VNM,16.5,107.5
312,Internal,0.002477293441008152,2023-06-09 14:47:28,2023-06-10 12:29:32,VNM,16.5,107.5,VNM,16.5,107.5
313,External,0.10667896783389606,2023-06-10 12:29:32,2023-07-19 11:00:00,VNM,16.5,107.5,VNM,16.5,107.5
314,Internal,0.018850339958121354,2023-06-10 12:29:32,2023-06-17 09:37:16,VNM,16.5,107.5,VNM,16.5,107.5
315,External,0.07412999773876038,2023-06-17 09:37:16,2023-07-14 10:59:59,VNM,16.5,107.5,VNM,16.5,107.5
316,External,0.07412999773876038,2023-06-17 09:37:16,2023-07-14 10:59:59,VNM,16.5,107.5,THA,15.0,100.0
317,External,0.09545763113788988,2023-06-09 14:47:28,2023-07-14 10:59:59,VNM,16.5,107.5,THA,15.0,100.0
318,Internal,0.02502518867417075,2023-05-23 13:26:31,2023-06-01 16:39:45,VNM,16.5,107.5,VNM,16.5,107.5
319,External,0.08154535293456755,2023-06-01 16:39:45,2023-07-01 11:00:00,VNM,16.5,107.5,VNM,16.5,107.5
320,Internal,0.007309269471207802,2023-06-01 16:39:45,2023-06-04 08:41:30,VNM,16.5,107.5,VNM,16.5,107.5
321,Internal,0.043278641892913625,2023-06-04 08:41:30,2023-06-20 03:48:46,VNM,16.5,107.5,VNM,16.5,107.5
322,Internal,0.0002984274659082603,2023-06-20 03:48:46,2023-06-20 06:25:37,VNM,16.5,107.5,VNM,16.5,107.5
323,External,0.07997408259765304,2023-06-20 06:25:37,2023-07-19 11:00:00,VNM,16.5,107.5,THA,15.0,100.0
324,External,0.08545353465236782,2023-06-20 06:25:37,2023-07-21 10:59:59,VNM,16.5,107.5,VNM,16.5,107.5
325,External,0.0802725100635613,2023-06-20 03:48:46,2023-07-19 11:00:00,VNM,16.5,107.5,VNM,16.5,107.5
326,Internal,0.014911734050840675,2023-06-04 08:41:30,2023-06-09 19:19:07,VNM,16.5,107.5,VNM,16.5,107.5
327,Internal,0.006540019770411534,2023-06-09 19:19:07,2023-06-12 04:36:33,VNM,16.5,107.5,VNM,16.5,107.5
328,External,0.05552405566946493,2023-06-12 04:36:33,2023-07-02 11:00:00,VNM,16.5,107.5,LAO,18.0,105.0
329,External,0.1075788501899375,2023-06-12 04:36:33,2023-07-21 10:59:59,VNM,16.5,107.5,KHM,13.0,105.0
330,Internal,0.05908730670660281,2023-06-09 19:19:07,2023-07-01 08:55:24,VNM,16.5,107.5,VNM,16.5,107.5
331,Internal,0.007919351030687659,2023-07-01 08:55:24,2023-07-04 06:17:49,VNM,16.5,107.5,VNM,16.5,107.5
332,Internal,0.008796252089521145,2023-07-04 06:17:49,2023-07-07 11:21:07,VNM,16.5,107.5,VNM,16.5,107.5
333,External,0.032836508078822636,2023-07-07 11:21:07,2023-07-19 11:00:00,VNM,16.5,107.5,CHN,35.0,105.0
334,External,0.04379541218847958,2023-07-07 11:21:07,2023-07-23 11:00:00,VNM,16.5,107.5,VNM,16.5,107.5
335,External,0.047112212223058565,2023-07-04 06:17:49,2023-07-21 10:59:59,VNM,16.5,107.5,VNM,16.5,107.5
336,External,0.06599046736340317,2023-07-01 08:55:24,2023-07-25 11:00:00,VNM,16.5,107.5,VNM,16.5,107.5
337,Internal,0.01427658554511238,2023-05-20 11:55:57,2023-05-25 16:59:43,VNM,16.5,107.5,VNM,16.5,107.5
338,Internal,0.07470586925949294,2023-05-25 16:59:43,2023-06-21 23:25:07,VNM,16.5,107.5,VNM,16.5,107.5
339,Internal,0.03614295417489855,2023-06-21 23:25:07,2023-07-05 04:01:51,VNM,16.5,107.5,VNM,16.5,107.5
340,External,0.041891427700979415,2023-07-05 04:01:51,2023-07-20 10:59:59,VNM,16.5,107.5,VNM,16.5,107.5
341,Internal,0.009215548722952424,2023-07-05 04:01:51,2023-07-08 12:45:33,VNM,16.5,107.5,THA,15.0,100.0
342,External,0.03541560500538438,2023-07-08 12:45:33,2023-07-21 10:59:59,THA,15.0,100.0,THA,15.0,100.0
343,External,0.04363478308768393,2023-07-08 12:45:33,2023-07-24 11:00:00,THA,15.0,100.0,THA,15.0,100.0
344,External,0.045157669547134516,2023-06-21 23:25:07,2023-07-08 11:00:00,VNM,16.5,107.5,VNM,16.5,107.5
345,Internal,0.10387561077971255,2023-05-25 16:59:43,2023-07-02 14:56:44,VNM,16.5,107.5,VNM,16.5,107.5
346,External,0.032426284191286625,2023-07-02 14:56:44,2023-07-14 10:59:59,VNM,16.5,107.5,VNM,16.5,107.5
347,External,0.0570838184379579,2023-07-02 14:56:44,2023-07-23 11:00:00,VNM,16.5,107.5,VNM,16.5,107.5
348,Internal,0.013947847657554024,2023-04-30 02:52:26,2023-05-05 05:03:25,VNM,16.5,107.5,VNM,16.5,107.5
349,Internal,0.08350547671570316,2023-05-05 05:03:25,2023-06-04 16:33:54,VNM,16.5,107.5,VNM,16.5,107.5
350,Internal,0.00032298431815780404,2023-06-04 16:33:54,2023-06-04 19:23:39,VNM,16.5,107.5,VNM,16.5,107.5
351,Internal,0.013504777842088561,2023-06-04 19:23:39,2023-06-09 17:41:46,VNM,16.5,107.5,VNM,16.5,107.5
352,Internal,0.004505440496026997,2023-06-09 17:41:46,2023-06-11 09:09:50,VNM,16.5,107.5,VNM,16.5,107.5
353,Internal,0.0015044151894196695,2023-06-11 09:09:50,2023-06-11 22:20:33,VNM,16.5,107.5,VNM,16.5,107.5
354,Internal,0.005174241595167897,2023-06-11 22:20:33,2023-06-13 19:40:08,VNM,16.5,107.5,VNM,16.5,107.5
355,External,0.06476381996693964,2023-06-13 19:40:08,2023-07-07 11:00:00,VNM,16.5,107.5,VNM,16.5,107.5
356,Internal,0.014502466975407205,2023-06-13 19:40:08,2023-06-19 02:42:37,VNM,16.5,107.5,VNM,16.5,107.5
357,External,0.03930244888187549,2023-06-19 02:42:37,2023-07-03 10:59:59,VNM,16.5,107.5,KHM,13.0,105.0
358,External,0.06943943518326155,2023-06-19 02:42:37,2023-07-14 10:59:59,VNM,16.5,107.5,VNM,16.5,107.5
359,Internal,0.0603940419502858,2023-06-11 22:20:33,2023-07-03 23:23:39,VNM,16.5,107.5,VNM,16.5,107.5
360,External,0.015023471666536524,2023-07-03 23:23:39,2023-07-09 10:59:59,VNM,16.5,107.5,VNM,16.5,107.5
361,External,0.05337963605022213,2023-07-03 23:23:39,2023-07-23 11:00:00,VNM,16.5,107.5,VNM,16.5,107.5
362,External,0.04404521647749854,2023-06-11 09:09:50,2023-06-27 10:59:59,VNM,16.5,107.5,VNM,16.5,107.5
363,Internal,0.0016894809005756212,2023-06-09 17:41:46,2023-06-10 08:29:45,VNM,16.5,107.5,VNM,16.5,107.5
364,Internal,0.008541373898346125,2023-06-10 08:29:45,2023-06-13 11:19:06,VNM,16.5,107.5,VNM,16.5,107.5
365,Internal,0.019358408033374547,2023-06-13 11:19:06,2023-06-20 12:53:53,VNM,16.5,107.5,VNM,16.5,107.5
366,Internal,0.03224795061763233,2023-06-20 12:53:53,2023-07-02 07:23:24,VNM,16.5,107.5,VNM,16.5,107.5
367,External,0.04698741612636903,2023-07-02 07:23:24,2023-07-19 11:00:00,VNM,16.5,107.5,VNM,16.5,107.5
368,Internal,0.01733041994863136,2023-07-02 07:23:24,2023-07-08 15:12:16,VNM,16.5,107.5,VNM,16.5,107.5
369,External,0.02965699617773767,2023-07-08 15:12:16,2023-07-19 11:00:00,VNM,16.5,107.5,THA,15.0,100.0
370,External,0.026917270150380278,2023-07-08 15:12:16,2023-07-18 11:00:00,VNM,16.5,107.5,VNM,16.5,107.5
371,Internal,0.021908596369146882,2023-06-20 12:53:53,2023-06-28 12:49:02,VNM,16.5,107.5,VNM,16.5,107.5
372,External,0.043628140237840146,2023-06-28 12:49:02,2023-07-14 10:59:59,VNM,16.5,107.5,VNM,16.5,107.5
373,Internal,0.012376931112282948,2023-06-28 12:49:02,2023-07-03 01:14:21,VNM,16.5,107.5,VNM,16.5,107.5
374,External,0.04221011323521414,2023-07-03 01:14:21,2023-07-18 11:00:00,VNM,16.5,107.5,LAO,18.0,105.0
375,Internal,0.028081876561508137,2023-07-03 01:14:21,2023-07-13 07:14:11,VNM,16.5,107.5,THA,15.0,100.0
376,External,0.027826866810720337,2023-07-13 07:14:11,2023-07-23 11:00:00,THA,15.0,100.0,THA,15.0,100.0
377,External,0.016867962701063395,2023-07-13 07:14:11,2023-07-19 11:00:00,THA,15.0,100.0,THA,15.0,100.0
378,Internal,0.0009272882459567255,2023-06-13 11:19:06,2023-06-13 19:26:29,VNM,16.5,107.5,VNM,16.5,107.5
379,External,0.07026922625739052,2023-06-13 19:26:29,2023-07-09 10:59:59,VNM,16.5,107.5,VNM,16.5,107.5
380,Internal,0.0011083534154040786,2023-06-13 19:26:29,2023-06-14 05:09:02,VNM,16.5,107.5,VNM,16.5,107.5
381,Internal,0.01853883974155432,2023-06-14 05:09:02,2023-06-20 23:33:03,VNM,16.5,107.5,CHN,35.0,105.0
382,External,0.025964498853988216,2023-06-20 23:33:03,2023-06-30 11:00:00,CHN,35.0,105.0,CHN,35.0,105.0
383,Internal,0.04629855750646894,2023-06-20 23:33:03,2023-07-07 21:07:34,CHN,35.0,105.0,CHN,35.0,105.0
384,External,0.031720735867991845,2023-07-07 21:07:34,2023-07-19 11:00:00,CHN,35.0,105.0,THA,15.0,100.0
385,Internal,0.0009048099020984232,2023-07-07 21:07:34,2023-07-08 05:03:08,CHN,35.0,105.0,CHN,35.0,105.0
386,External,0.044514556102907755,2023-07-08 05:03:08,2023-07-24 11:00:00,CHN,35.0,105.0,CHN,35.0,105.0
387,External,0.030815925965893422,2023-07-08 05:03:08,2023-07-19 11:00:00,CHN,35.0,105.0,CHN,35.0,105.0
388,Internal,0.0053583529491695175,2023-06-14 05:09:02,2023-06-16 04:05:23,VNM,16.5,107.5,VNM,16.5,107.5
389,Internal,0.0049292259266601746,2023-06-16 04:05:23,2023-06-17 23:16:11,VNM,16.5,107.5,VNM,16.5,107.5
390,External,0.07257192410317108,2023-06-17 23:16:11,2023-07-14 10:59:59,VNM,16.5,107.5,THA,15.0,100.0
391,External,0.07257192410317108,2023-06-17 23:16:11,2023-07-14 10:59:59,VNM,16.5,107.5,KHM,13.0,105.0
392,Internal,0.022559075661982217,2023-06-16 04:05:23,2023-06-24 09:42:26,VNM,16.5,107.5,VNM,16.5,107.5
393,External,0.07412015655957815,2023-06-24 09:42:26,2023-07-21 10:59:59,VNM,16.5,107.5,VNM,16.5,107.5
394,Internal,0.0011189457108778805,2023-06-24 09:42:26,2023-06-24 19:30:33,VNM,16.5,107.5,VNM,16.5,107.5
395,External,0.03738477249259943,2023-06-24 19:30:33,2023-07-08 11:00:00,VNM,16.5,107.5,VNM,16.5,107.5
396,External,0.08122038893099982,2023-06-24 19:30:33,2023-07-24 11:00:00,VNM,16.5,107.5,VNM,16.5,107.5
397,Internal,0.04017121313201061,2023-06-10 08:29:45,2023-06-25 00:23:45,VNM,16.5,107.5,VNM,16.5,107.5
398,External,0.07792283965336837,2023-06-25 00:23:45,2023-07-23 11:00:00,VNM,16.5,107.5,VNM,16.5,107.5
399,External,0.036826949242325366,2023-06-25 00:23:45,2023-07-08 11:00:00,VNM,16.5,107.5,THA,15.0,100.0
400,Internal,0.03096600793831293,2023-06-04 19:23:39,2023-06-16 02:39:23,VNM,16.5,107.5,VNM,16.5,107.5
401,Internal,0.035099936150426544,2023-06-16 02:39:23,2023-06-28 22:07:55,VNM,16.5,107.5,VNM,16.5,107.5
402,Internal,0.00015783808331651383,2023-06-28 22:07:55,2023-06-28 23:30:53,VNM,16.5,107.5,VNM,16.5,107.5
403,External,0.05062617319161544,2023-06-28 23:30:53,2023-07-17 11:00:00,VNM,16.5,107.5,THA,15.0,100.0
404,External,0.056105625246330226,2023-06-28 23:30:53,2023-07-19 11:00:00,VNM,16.5,107.5,VNM,16.5,107.5
405,External,0.05900318935700413,2023-06-28 22:07:55,2023-07-20 10:59:59,VNM,16.5,107.5,VNM,16.5,107.5
406,External,0.02560997482258638,2023-06-16 02:39:23,2023-06-25 11:00:00,VNM,16.5,107.5,KHM,13.0,105.0
407,Internal,0.002362091041542197,2023-06-04 16:33:54,2023-06-05 13:15:25,VNM,16.5,107.5,VNM,16.5,107.5
408,Internal,0.007158193914354238,2023-06-05 13:15:25,2023-06-08 03:57:45,VNM,16.5,107.5,VNM,16.5,107.5
409,Internal,0.04406057930147336,2023-06-08 03:57:45,2023-06-24 05:56:00,VNM,16.5,107.5,VNM,16.5,107.5
410,External,0.052633171314802496,2023-06-24 05:56:00,2023-07-13 11:00:00,VNM,16.5,107.5,THA,15.0,100.0
411,External,0.052633171314802496,2023-06-24 05:56:00,2023-07-13 11:00:00,VNM,16.5,107.5,KHM,13.0,105.0
412,Internal,0.020999374611484517,2023-06-08 03:57:45,2023-06-15 19:55:02,VNM,16.5,107.5,VNM,16.5,107.5
413,Internal,0.002241571009410012,2023-06-15 19:55:02,2023-06-16 15:33:12,VNM,16.5,107.5,VNM,16.5,107.5
414,External,0.10358979129676739,2023-06-16 15:33:12,2023-07-24 11:00:00,VNM,16.5,107.5,THA,15.0,100.0
415,External,0.037836366639280486,2023-06-16 15:33:12,2023-06-30 11:00:00,VNM,16.5,107.5,LAO,18.0,105.0
416,Internal,0.02106846067730868,2023-06-15 19:55:02,2023-06-23 12:28:37,VNM,16.5,107.5,VNM,16.5,107.5
417,External,0.07380399751921178,2023-06-23 12:28:37,2023-07-20 10:59:59,VNM,16.5,107.5,VNM,16.5,107.5
418,External,0.068324545464497,2023-06-23 12:28:37,2023-07-18 11:00:00,VNM,16.5,107.5,VNM,16.5,107.5
419,External,0.10659167055798749,2023-06-05 13:15:25,2023-07-14 10:59:59,VNM,16.5,107.5,VNM,16.5,107.5
420,Internal,0.01606185644714675,2023-05-05 05:03:25,2023-05-11 01:45:32,VNM,16.5,107.5,VNM,16.5,107.5
421,Internal,0.08613602237327216,2023-05-11 01:45:32,2023-06-11 12:18:37,VNM,16.5,107.5,LAO,18.0,105.0
422,Internal,0.05469363794612127,2023-06-11 12:18:37,2023-07-01 11:25:36,LAO,18.0,105.0,LAO,18.0,105.0
423,External,0.05474580374042179,2023-07-01 11:25:36,2023-07-21 10:59:59,LAO,18.0,105.0,LAO,18.0,105.0
424,Internal,0.0021363593910577183,2023-07-01 11:25:36,2023-07-02 06:08:28,LAO,18.0,105.0,LAO,18.0,105.0
425,External,0.06082862243166362,2023-07-02 06:08:28,2023-07-24 11:00:00,LAO,18.0,105.0,THA,15.0,100.0
426,Internal,0.0038812715897244623,2023-07-02 06:08:28,2023-07-03 16:08:28,LAO,18.0,105.0,LAO,18.0,105.0
427,External,0.05968707686929655,2023-07-03 16:08:28,2023-07-25 11:00:00,LAO,18.0,105.0,LAO,18.0,105.0
428,External,0.05968707686929655,2023-07-03 16:08:28,2023-07-25 11:00:00,LAO,18.0,105.0,LAO,18.0,105.0
429,External,0.04094629100169876,2023-06-11 12:18:37,2023-06-26 11:00:00,LAO,18.0,105.0,LAO,18.0,105.0
430,Internal,0.03131842335201049,2023-05-11 01:45:32,2023-05-22 12:06:29,VNM,16.5,107.5,VNM,16.5,107.5
431,Internal,0.007769950347659649,2023-05-22 12:06:29,2023-05-25 08:10:23,VNM,16.5,107.5,VNM,16.5,107.5
432,Internal,0.004883890251310502,2023-05-25 08:10:23,2023-05-27 02:57:21,VNM,16.5,107.5,VNM,16.5,107.5
433,Internal,0.017735686869242734,2023-05-27 02:57:21,2023-06-02 14:19:14,VNM,16.5,107.5,VNM,16.5,107.5
434,Internal,0.03816457972160053,2023-06-02 14:19:14,2023-06-16 12:38:32,VNM,16.5,107.5,VNM,16.5,107.5
435,Internal,0.03348822795485287,2023-06-16 12:38:32,2023-06-28 17:59:57,VNM,16.5,107.5,VNM,16.5,107.5
436,Internal,0.02265969563310235,2023-06-28 17:59:57,2023-07-07 00:29:53,VNM,16.5,107.5,VNM,16.5,107.5
437,External,0.05051391403969303,2023-07-07 00:29:53,2023-07-25 11:00:00,VNM,16.5,107.5,VNM,16.5,107.5
438,External,0.04503446198497824,2023-07-07 00:29:53,2023-07-23 11:00:00,VNM,16.5,107.5,VNM,16.5,107.5
439,External,0.032077719261752374,2023-06-28 17:59:57,2023-07-10 10:59:59,VNM,16.5,107.5,VNM,16.5,107.5
440,External,0.0737851252989048,2023-06-16 12:38:32,2023-07-13 11:00:00,VNM,16.5,107.5,VNM,16.5,107.5
441,External,0.04893600639037582,2023-06-02 14:19:14,2023-06-20 11:00:00,VNM,16.5,107.5,VNM,16.5,107.5
442,Internal,0.0783421170493706,2023-05-27 02:57:21,2023-06-24 17:13:58,VNM,16.5,107.5,VNM,16.5,107.5
443,External,0.08148026114176353,2023-06-24 17:13:58,2023-07-24 11:00:00,VNM,16.5,107.5,CHN,35.0,105.0
444,External,0.08421998716912092,2023-06-24 17:13:58,2023-07-25 11:00:00,VNM,16.5,107.5,VNM,16.5,107.5
445,External,0.16196654241508723,2023-05-25 08:10:23,2023-07-23 11:00:00,VNM,16.5,107.5,VNM,16.5,107.5
446,Internal,0.011738463862755066,2023-05-22 12:06:29,2023-05-26 18:56:14,VNM,16.5,107.5,VNM,16.5,107.5
447,Internal,0.0034614961983271963,2023-05-26 18:56:14,2023-05-28 01:15:35,VNM,16.5,107.5,VNM,16.5,107.5
448,Internal,0.08421473660993892,2023-05-28 01:15:35,2023-06-27 18:58:51,VNM,16.5,107.5,VNM,16.5,107.5
449,External,0.0703217960917257,2023-06-27 18:58:51,2023-07-23 11:00:00,VNM,16.5,107.5,VNM,16.5,107.5
450,External,0.0703217960917257,2023-06-27 18:58:51,2023-07-23 11:00:00,VNM,16.5,107.5,KHM,13.0,105.0
451,Internal,0.00731054987492738,2023-05-28 01:15:35,2023-05-30 17:18:01,VNM,16.5,107.5,VNM,16.5,107.5
452,Internal,0.00767395512253552,2023-05-30 17:18:01,2023-06-02 12:31:27,VNM,16.5,107.5,VNM,16.5,107.5
453,External,0.1039355893478735,2023-06-02 12:31:27,2023-07-10 10:59:59,VNM,16.5,107.5,VNM,16.5,107.5
454,Internal,0.006523503037811518,2023-06-02 12:31:27,2023-06-04 21:40:12,VNM,16.5,107.5,VNM,16.5,107.5
455,External,0.1357682506937476,2023-06-04 21:40:12,2023-07-24 11:00:00,VNM,16.5,107.5,VNM,16.5,107.5
456,External,0.12206962055673326,2023-06-04 21:40:12,2023-07-19 11:00:00,VNM,16.5,107.5,THA,15.0,100.0
457,External,0.05955474994993645,2023-05-30 17:18:01,2023-06-21 11:00:00,VNM,16.5,107.5,VNM,16.5,107.5
458,Internal,0.013690024343671003,2023-05-26 18:56:14,2023-05-31 18:51:42,VNM,16.5,107.5,VNM,16.5,107.5
459,Internal,0.0030961259958304232,2023-05-31 18:51:42,2023-06-01 21:59:02,VNM,16.5,107.5,VNM,16.5,107.5
460,Internal,0.0013748149197379267,2023-06-01 21:59:02,2023-06-02 10:01:38,VNM,16.5,107.5,VNM,16.5,107.5
461,Internal,0.05617834300111228,2023-06-02 10:01:38,2023-06-22 22:08:58,VNM,16.5,107.5,VNM,16.5,107.5
462,Internal,0.019796489559769107,2023-06-22 22:08:58,2023-06-30 03:34:00,VNM,16.5,107.5,VNM,16.5,107.5
463,External,0.058382779024928916,2023-06-30 03:34:00,2023-07-21 10:59:59,VNM,16.5,107.5,VNM,16.5,107.5
464,External,0.06934168313458586,2023-06-30 03:34:00,2023-07-25 11:00:00,VNM,16.5,107.5,VNM,16.5,107.5
465,External,0.08365872063964018,2023-06-22 22:08:58,2023-07-23 11:00:00,VNM,16.5,107.5,VNM,16.5,107.5
466,Internal,0.06499103510097856,2023-06-02 10:01:38,2023-06-26 03:20:55,VNM,16.5,107.5,VNM,16.5,107.5
467,External,0.06388712443011696,2023-06-26 03:20:55,2023-07-19 11:00:00,VNM,16.5,107.5,VNM,16.5,107.5
468,External,0.08032548059448869,2023-06-26 03:20:55,2023-07-25 11:00:00,VNM,16.5,107.5,KHM,13.0,105.0
469,Internal,0.057082065894483267,2023-06-01 21:59:02,2023-06-22 18:01:22,VNM,16.5,107.5,VNM,16.5,107.5
470,Internal,0.021215437394326256,2023-06-22 18:01:22,2023-06-30 11:52:12,VNM,16.5,107.5,VNM,16.5,107.5
471,External,0.06839382732639565,2023-06-30 11:52:12,2023-07-25 11:00:00,VNM,16.5,107.5,VNM,16.5,107.5
472,External,0.04099656705236698,2023-06-30 11:52:12,2023-07-15 10:59:59,VNM,16.5,107.5,VNM,16.5,107.5
473,External,0.07317090855635018,2023-06-22 18:01:22,2023-07-19 11:00:00,VNM,16.5,107.5,VNM,16.5,107.5
474,Internal,0.03096490085980569,2023-05-31 18:51:42,2023-06-12 02:06:51,VNM,16.5,107.5,VNM,16.5,107.5
475,External,0.07498693931282951,2023-06-12 02:06:51,2023-07-09 10:59:59,VNM,16.5,107.5,VNM,16.5,107.5
476,External,0.11608282972387252,2023-06-12 02:06:51,2023-07-24 11:00:00,VNM,16.5,107.5,VNM,16.5,107.5
477,Internal,0.017082563054253347,2023-04-27 04:09:18,2023-05-03 09:47:54,VNM,16.5,107.5,VNM,16.5,107.5
478,Internal,0.07794076533407618,2023-05-03 09:47:54,2023-05-31 20:33:34,VNM,16.5,107.5,KHM,13.0,105.0
479,Internal,0.04131994398006299,2023-05-31 20:33:34,2023-06-15 22:31:20,KHM,13.0,105.0,KHM,13.0,105.0
480,Internal,0.030019118689310634,2023-06-15 22:31:20,2023-06-26 21:29:23,KHM,13.0,105.0,KHM,13.0,105.0
481,Internal,0.01206175777811408,2023-06-26 21:29:23,2023-07-01 07:09:02,KHM,13.0,105.0,KHM,13.0,105.0
482,Internal,0.010081888783267469,2023-07-01 07:09:02,2023-07-04 23:28:05,KHM,13.0,105.0,KHM,13.0,105.0
483,External,0.05337121524144802,2023-07-04 23:28:05,2023-07-24 11:00:00,KHM,13.0,105.0,KHM,13.0,105.0
484,External,0.04515203715914847,2023-07-04 23:28:05,2023-07-21 10:59:59,KHM,13.0,105.0,KHM,13.0,105.0
485,External,0.02509693964102988,2023-07-01 07:09:02,2023-07-10 10:59:59,KHM,13.0,105.0,KHM,13.0,105.0
486,External,0.04263814947408612,2023-06-26 21:29:23,2023-07-12 11:00:00,KHM,13.0,105.0,KHM,13.0,105.0
487,Internal,0.018725606447092397,2023-06-15 22:31:20,2023-06-22 18:33:31,KHM,13.0,105.0,KHM,13.0,105.0
488,Internal,0.004071591666244975,2023-06-22 18:33:31,2023-06-24 06:13:32,KHM,13.0,105.0,KHM,13.0,105.0
489,Internal,0.006951121302138222,2023-06-24 06:13:32,2023-06-26 19:07:03,KHM,13.0,105.0,KHM,13.0,105.0
490,External,0.05660757888493549,2023-06-26 19:07:03,2023-07-17 11:00:00,KHM,13.0,105.0,KHM,13.0,105.0
491,Internal,0.0026450545966248684,2023-06-26 19:07:03,2023-06-27 18:17:17,KHM,13.0,105.0,KHM,13.0,105.0
492,Internal,0.006672039493804238,2023-06-27 18:17:17,2023-06-30 04:44:07,KHM,13.0,105.0,KHM,13.0,105.0
493,External,0.0664685669862355,2023-06-30 04:44:07,2023-07-24 11:00:00,KHM,13.0,105.0,THA,15.0,100.0
494,External,0.05003021082186378,2023-06-30 04:44:07,2023-07-18 11:00:00,KHM,13.0,105.0,KHM,13.0,105.0
495,External,0.07588033250739713,2023-06-27 18:17:17,2023-07-25 11:00:00,KHM,13.0,105.0,KHM,13.0,105.0
496,Internal,0.002533884539471884,2023-06-24 06:13:32,2023-06-25 04:25:21,KHM,13.0,105.0,KHM,13.0,105.0
497,External,0.05554536359265967,2023-06-25 04:25:21,2023-07-15 10:59:59,KHM,13.0,105.0,KHM,13.0,105.0
498,External,0.06650426770231661,2023-06-25 04:25:21,2023-07-19 11:00:00,KHM,13.0,105.0,KHM,13.0,105.0
499,Internal,0.012909535899663635,2023-06-22 18:33:31,2023-06-27 11:38:46,KHM,13.0,105.0,KHM,13.0,105.0
500,External,0.024583769652268994,2023-06-27 11:38:46,2023-07-06 11:00:00,KHM,13.0,105.0,KHM,13.0,105.0
501,Internal,0.03761591084616239,2023-06-27 11:38:46,2023-07-11 05:09:41,KHM,13.0,105.0,KHM,13.0,105.0
502,External,0.022584297162207445,2023-07-11 05:09:41,2023-07-19 11:00:00,KHM,13.0,105.0,KHM,13.0,105.0
503,External,0.022584297162207445,2023-07-11 05:09:41,2023-07-19 11:00:00,KHM,13.0,105.0,KHM,13.0,105.0
504,External,0.05096351351333023,2023-05-31 20:33:34,2023-06-19 11:00:00,KHM,13.0,105.0,KHM,13.0,105.0
505,External,0.09328784049107819,2023-05-03 09:47:54,2023-06-06 10:59:59,VNM,16.5,107.5,VNM,16.5,107.5
